FCUserRun1_42,NOT_FOUND(token),Forbidden: Temporary Block,NOT_FOUND(availablePts)
FCUserRun1_17098,NOT_FOUND(token),Forbidden: Temporary Block,NOT_FOUND(availablePts)
FCUserRun1_17126,NOT_FOUND(token),Forbidden: Temporary Block,NOT_FOUND(availablePts)
FCUserRun1_17232,NOT_FOUND(token),Forbidden: Temporary Block,NOT_FOUND(availablePts)
FCUserRun1_17759,NOT_FOUND(token),Forbidden: Temporary Block,NOT_FOUND(availablePts)
FCUserRun1_17783,NOT_FOUND(token),Forbidden: Temporary Block,NOT_FOUND(availablePts)
FCUserRun1_17787,NOT_FOUND(token),Forbidden: Temporary Block,NOT_FOUND(availablePts)
FCUserRun1_17940,NOT_FOUND(token),Forbidden: Temporary Block,NOT_FOUND(availablePts)
FCUserRun1_18023,NOT_FOUND(token),Forbidden: Temporary Block,NOT_FOUND(availablePts)
FCUserRun1_18052,NOT_FOUND(token),Forbidden: Temporary Block,NOT_FOUND(availablePts)
FCUserRun1_18580,NOT_FOUND(token),Forbidden: Temporary Block,NOT_FOUND(availablePts)
FCUserRun1_18813,NOT_FOUND(token),Forbidden: Temporary Block,NOT_FOUND(availablePts)
FCUserRun1_18884,NOT_FOUND(token),Forbidden: Temporary Block,NOT_FOUND(availablePts)
FCUserRun1_19176,NOT_FOUND(token),Forbidden: Temporary Block,NOT_FOUND(availablePts)
FCUserRun1_19219,NOT_FOUND(token),Forbidden: Temporary Block,NOT_FOUND(availablePts)
FCUserRun1_19515,NOT_FOUND(token),Forbidden: Temporary Block,NOT_FOUND(availablePts)
FCUserRun1_19713,NOT_FOUND(token),Forbidden: Temporary Block,NOT_FOUND(availablePts)
